255,232,246,124,255,255,250,255,232,255,239,181,255,255,202,193,173,120,86,208,159,162,255,155,118,245,168,150,170,127,248,159,170,122,137,93,115,148,129,157,130,214,92,120,161,154,195,137,221,180,205,213,167,174,245,255,138,129,137,164,152,190,113,134,170,137,198,174,94,141,140,200,189,209,159,70,174,77,135,171,205,228,173,245,161,152,152,130,158,126,110,144,140,137,180,190,207,155,134,151,187,145,133,225,110,207,85,112,169,151,114,154,208,182,131,161,177,165,122,191,
248,182,215,147,255,230,255,211,255,224,255,213,132,106,168,171,128,207,112,152,122,150,172,157,184,176,189,106,255,210,225,187,119,163,185,132,157,111,229,118,105,207,180,109,96,165,255,164,163,211,120,126,179,116,99,130,202,172,181,219,144,176,255,145,255,255,240,255,166,206,154,84,215,217,158,195,172,172,149,158,127,230,202,94,144,177,127,173,158,161,199,202,220,154,182,206,212,158,159,92,203,167,236,164,89,35,135,118,174,102,102,232,173,255,191,166,64,191,197,245,
255,237,224,199,218,136,255,208,255,180,255,244,220,220,129,142,227,141,255,210,153,254,193,155,202,142,193,86,206,148,254,158,89,217,156,129,137,113,255,196,85,212,140,154,183,102,155,183,114,173,133,175,112,166,82,150,156,138,96,148,141,181,255,218,226,153,180,191,114,120,243,255,148,144,166,204,71,167,186,117,248,235,69,255,112,221,206,151,232,182,111,225,217,189,152,188,248,211,174,169,114,170,174,169,218,101,159,255,41,204,161,164,69,175,150,255,209,102,127,197,
255,97,196,179,255,252,255,255,135,136,138,135,177,186,59,169,245,191,77,109,208,239,53,98,255,238,144,117,125,200,255,97,155,216,200,163,172,86,131,176,196,137,162,131,200,162,138,163,213,255,182,146,210,127,195,196,155,177,113,92,235,156,155,186,182,179,197,172,103,85,119,217,139,160,168,163,114,146,160,194,119,182,135,223,252,162,153,91,111,165,170,169,78,140,158,102,138,255,243,89,133,116,139,135,215,229,255,104,215,159,177,255,116,170,143,128,187,71,255,110,
207,241,250,154,243,167,216,184,201,248,245,216,255,117,199,128,75,97,105,119,232,231,147,182,185,128,255,140,155,91,89,124,170,182,51,188,174,223,202,132,108,71,189,60,142,236,182,103,37,147,36,93,110,100,191,101,170,230,231,187,240,139,109,212,198,221,177,120,156,137,218,186,199,100,102,132,242,56,66,158,123,124,170,181,119,132,112,102,117,145,246,129,98,133,158,148,144,85,114,113,94,168,107,253,155,74,170,90,89,162,93,255,174,222,173,255,233,177,129,186,
220,221,135,255,180,151,171,184,103,188,142,155,208,216,167,97,129,102,106,132,194,65,134,86,127,222,112,233,138,239,179,251,255,145,208,255,170,204,148,132,131,198,209,126,190,160,49,132,101,96,142,177,229,158,128,185,151,163,104,181,157,141,217,116,175,238,96,83,96,171,255,149,235,84,207,124,188,226,147,155,152,175,233,141,219,109,220,254,185,245,176,208,161,150,79,152,255,126,239,78,159,140,165,232,236,163,186,214,255,182,188,138,164,68,194,240,203,93,239,222,
216,223,201,165,126,255,99,173,242,209,137,228,226,249,166,255,195,135,171,87,128,204,139,234,148,153,115,130,142,189,210,159,142,136,212,200,69,237,246,134,255,215,176,166,200,119,216,94,108,227,136,140,154,253,179,173,236,163,191,165,91,223,198,225,175,120,185,74,176,219,187,158,196,160,212,195,61,162,181,255,172,103,250,242,165,162,104,208,235,134,181,170,126,173,178,153,150,224,173,150,107,100,181,255,191,89,158,152,152,78,149,151,141,182,140,148,108,209,176,195,
214,205,219,118,165,176,240,147,172,195,182,158,243,155,205,215,209,188,84,158,255,188,216,161,152,62,239,46,90,87,148,221,116,198,253,166,130,185,255,100,157,159,166,101,231,234,250,224,154,185,158,152,255,139,167,179,126,137,117,246,204,241,167,133,197,203,126,230,214,255,226,148,152,139,118,172,255,167,200,130,255,200,199,120,255,102,127,226,115,84,184,140,179,109,179,255,212,160,103,127,198,185,140,105,150,236,112,123,142,120,107,204,206,149,228,90,159,218,165,171,
150,255,177,222,117,187,155,148,241,199,92,163,200,170,57,154,160,216,246,205,255,168,107,229,231,193,132,188,161,213,170,253,115,157,137,184,152,255,184,224,149,121,212,114,177,213,132,160,234,189,159,191,162,255,225,167,154,129,213,204,109,232,218,142,212,171,255,125,244,236,91,72,218,125,202,222,79,255,141,152,80,161,194,173,95,96,248,140,134,144,143,255,85,171,198,224,226,113,162,255,164,181,204,106,162,205,255,40,130,173,187,217,125,146,150,139,255,123,173,100,
75,183,152,191,242,160,218,191,148,199,255,170,148,224,140,144,163,238,141,215,230,158,169,78,105,179,152,155,143,190,190,146,113,145,193,255,152,203,172,234,255,216,225,154,209,237,105,186,137,255,170,169,90,106,102,89,41,87,179,168,255,232,99,171,79,179,220,135,178,222,160,180,255,90,186,195,151,225,159,225,123,136,201,150,218,122,158,84,198,133,156,244,208,214,151,139,164,107,125,200,156,205,121,255,141,211,185,186,206,210,159,197,255,189,172,178,187,93,80,94,
84,87,168,105,194,155,113,180,183,125,160,203,110,122,119,189,215,108,142,186,255,215,245,126,255,178,230,231,148,140,184,83,206,194,225,232,118,171,153,254,255,181,113,131,238,208,108,135,145,201,218,79,160,154,212,161,117,87,64,213,255,115,88,223,180,124,171,83,89,80,83,195,195,138,185,100,186,210,161,199,102,129,255,115,235,255,184,173,183,120,126,155,165,129,183,210,129,210,192,148,185,117,182,173,225,255,217,99,205,190,185,163,197,164,174,66,152,202,179,198,
127,130,127,237,219,232,184,131,175,194,95,231,144,211,111,135,149,61,189,142,151,128,242,107,214,158,75,107,206,167,136,191,221,195,184,154,160,255,246,195,157,182,150,156,252,203,188,157,143,102,159,232,142,174,188,158,167,116,182,190,116,129,169,147,89,126,194,161,161,201,205,255,175,139,206,229,197,112,175,228,149,220,109,255,202,160,95,45,167,202,196,148,169,148,137,211,182,210,252,229,81,232,225,186,255,201,172,213,151,255,155,125,173,126,121,213,93,149,183,189,
178,161,44,235,167,255,84,174,139,185,160,239,203,250,128,205,77,158,115,255,124,134,196,255,173,171,185,175,255,228,180,136,167,161,156,177,94,129,152,136,236,146,145,142,164,214,87,95,116,163,107,123,183,164,213,173,231,203,135,130,186,237,119,134,114,166,154,87,150,227,229,158,189,120,120,171,255,204,255,255,191,164,221,168,124,195,96,151,121,128,196,162,200,239,204,181,161,129,146,78,132,255,255,170,107,235,164,228,173,87,126,134,182,216,166,230,242,250,226,154,
100,165,159,72,173,224,126,64,202,135,234,163,123,168,114,123,245,76,175,167,151,236,165,166,141,131,140,152,106,235,173,144,126,171,196,121,138,149,68,255,244,105,226,142,213,115,158,45,174,178,123,170,149,80,161,132,147,249,157,140,191,45,84,187,101,181,209,124,165,165,255,160,112,127,202,90,149,126,241,100,220,77,155,113,107,255,207,208,86,92,235,210,139,245,188,255,255,207,165,152,237,111,228,168,197,205,125,143,201,105,207,187,199,141,214,255,160,255,209,255,
196,223,234,188,207,255,199,139,186,255,182,127,191,255,189,83,144,166,153,179,221,216,255,255,163,197,182,212,207,255,255,255,130,130,166,103,170,211,100,151,174,197,104,228,166,126,226,166,255,138,137,238,168,198,162,109,247,99,107,159,171,91,138,159,167,148,232,129,208,255,130,193,130,201,125,204,140,151,217,208,190,162,153,204,195,255,221,95,131,115,98,182,185,179,249,143,187,219,93,51,156,229,207,140,95,204,205,180,213,118,183,117,206,142,174,157,175,222,203,203,
159,168,183,83,233,126,140,162,141,188,143,255,255,184,122,224,147,175,153,207,230,190,86,165,240,145,155,166,85,211,114,236,163,116,186,186,97,142,198,254,72,163,97,123,149,169,186,227,255,118,63,200,129,172,238,221,120,199,182,222,182,167,134,135,219,221,186,236,255,170,214,176,186,153,146,239,188,131,211,191,249,187,222,175,155,165,166,226,172,153,196,198,164,188,120,162,98,205,216,99,134,163,53,232,136,219,255,213,148,175,182,170,200,136,179,211,180,173,168,121,
156,120,142,93,218,221,195,243,123,135,168,122,174,255,250,130,236,255,114,103,245,204,200,49,191,212,190,183,227,195,171,155,124,162,162,111,159,236,232,255,141,180,167,255,102,255,182,172,194,204,158,175,110,172,178,229,104,180,215,230,220,117,114,175,144,229,180,154,255,251,190,132,222,104,179,133,166,85,187,209,101,50,134,206,203,207,211,187,183,255,150,216,253,140,87,255,136,252,209,143,225,111,219,218,115,163,141,187,255,135,176,202,255,255,138,255,186,202,177,252,
191,226,187,122,156,106,255,242,206,134,90,173,132,165,158,255,133,224,209,255,230,211,144,143,183,223,254,126,206,207,152,204,201,157,255,167,189,252,135,243,179,197,193,133,172,155,175,247,188,214,182,191,221,221,210,187,216,210,142,173,223,111,124,136,209,137,94,241,50,160,196,154,228,255,178,140,255,214,154,223,197,162,214,189,143,189,159,143,255,227,122,204,170,164,167,163,236,150,138,159,181,116,243,120,217,91,202,251,255,200,182,193,234,205,227,205,240,152,222,235,
212,214,143,205,98,168,142,186,124,156,168,166,170,92,199,255,180,179,170,167,169,210,239,98,201,114,129,176,146,178,197,220,148,171,200,113,172,130,182,172,169,188,255,255,235,244,147,236,255,223,206,203,217,95,224,95,122,255,224,161,198,168,193,236,163,255,51,186,173,201,202,192,133,176,215,128,175,91,217,120,92,226,134,139,223,224,152,166,240,223,229,255,196,193,221,171,192,129,255,211,223,128,255,220,160,201,175,255,255,122,172,167,192,188,231,219,212,196,178,222,
255,142,242,238,122,255,191,100,217,207,152,255,81,185,227,255,123,255,176,229,179,171,147,185,255,152,170,255,255,161,171,206,158,138,99,189,132,213,169,138,119,153,124,205,146,176,236,195,219,230,166,183,232,223,145,147,249,199,158,194,198,255,206,189,201,123,118,228,234,218,202,138,157,234,178,174,144,255,255,244,196,236,108,173,160,135,179,224,216,204,129,152,193,220,130,191,112,175,229,191,140,224,185,205,185,154,251,184,245,139,158,105,244,210,185,229,205,158,226,255,
176,186,195,214,125,191,217,233,210,239,155,190,124,236,206,196,231,171,202,143,172,251,254,192,208,215,255,176,192,182,245,255,147,95,249,178,179,65,167,219,159,96,158,252,244,145,121,199,212,191,195,112,159,255,212,255,255,202,221,168,249,254,255,192,160,109,199,193,233,255,166,139,121,141,221,254,124,207,196,135,102,191,150,189,93,231,160,101,163,168,175,226,255,113,194,179,235,223,153,242,218,169,202,177,210,244,164,122,206,213,235,201,149,119,170,195,255,185,250,186,
255,221,191,125,187,193,169,173,90,171,136,148,169,158,255,225,181,160,154,138,188,201,151,153,127,163,248,194,213,140,109,204,237,149,255,180,202,188,129,113,179,218,57,194,188,162,158,232,143,138,110,110,191,223,131,129,255,167,129,122,208,255,158,249,233,170,117,165,160,201,124,98,172,160,124,108,223,113,151,229,161,188,217,192,210,100,255,117,130,168,189,87,208,186,255,231,235,228,86,135,242,245,140,255,157,240,255,175,191,202,176,207,167,194,253,233,255,223,175,255,
102,176,178,205,208,166,102,139,169,157,189,178,203,207,209,57,142,179,172,144,131,171,255,128,218,229,171,229,216,225,204,159,132,171,248,195,175,154,165,254,215,185,138,190,106,210,241,122,210,208,255,217,252,108,254,216,169,130,163,184,149,180,164,123,164,64,225,144,125,196,206,166,223,249,255,142,211,201,219,146,170,171,237,154,175,71,107,172,255,216,229,149,164,105,167,233,167,226,138,252,223,158,122,187,219,73,224,124,241,188,108,214,172,138,75,131,255,253,144,208,
186,221,154,255,165,130,195,175,223,78,148,197,226,143,174,166,255,212,242,172,190,157,255,237,221,255,189,244,149,190,187,151,243,169,218,193,199,194,119,156,170,179,194,255,151,171,188,191,216,254,203,169,255,170,233,183,118,238,187,117,213,208,154,183,178,251,184,114,199,136,255,183,155,168,203,144,139,237,223,173,204,57,147,186,187,172,127,205,229,168,170,134,76,115,212,255,125,223,228,222,157,255,111,151,255,65,210,143,206,94,204,233,186,99,186,186,235,236,255,168,
151,149,224,101,194,208,105,231,255,255,248,203,171,224,178,182,249,174,238,162,236,239,72,152,171,251,196,221,235,188,239,254,202,236,219,255,164,122,255,254,255,169,73,157,146,218,65,205,248,221,201,232,170,255,135,199,118,171,226,255,171,177,231,193,211,141,251,195,197,223,175,168,144,255,191,255,165,235,107,170,124,96,247,209,198,114,186,182,133,146,174,151,255,255,156,255,228,227,115,240,202,185,246,172,197,212,248,138,190,164,134,160,98,255,146,151,228,176,255,203,
225,122,203,180,142,255,165,178,172,220,211,102,186,161,199,198,171,153,185,199,191,142,189,165,255,105,174,226,185,224,200,167,251,210,255,225,168,217,219,205,78,154,164,187,93,136,204,132,201,166,249,208,226,69,198,222,255,229,178,230,255,255,112,255,152,226,156,138,234,178,170,223,255,193,152,255,152,231,249,246,107,201,125,148,223,172,130,175,196,75,199,180,204,150,176,221,122,144,234,69,167,112,154,171,175,163,225,182,194,186,128,132,109,130,197,173,139,250,198,187,
132,228,210,228,176,255,187,255,143,175,237,197,168,220,187,222,210,239,202,205,213,173,237,127,245,255,208,248,190,234,173,233,216,135,141,157,191,233,215,179,220,255,213,167,255,179,109,173,218,194,167,171,156,255,255,209,210,247,255,218,213,215,180,198,186,240,162,199,177,234,183,158,213,252,148,199,146,245,153,181,155,251,226,188,158,189,193,173,135,179,216,128,174,254,236,186,186,186,222,213,173,147,203,199,169,150,240,132,255,174,255,207,157,217,229,160,148,215,170,155,
127,172,221,196,201,107,145,205,223,137,147,125,200,208,208,79,162,201,155,79,202,147,188,105,236,250,255,146,190,180,243,254,179,195,154,188,213,176,174,201,180,144,137,193,184,251,187,215,218,200,255,229,194,205,232,249,163,138,217,220,250,255,216,250,251,167,251,197,141,113,185,171,133,113,129,147,234,180,153,245,100,144,59,222,135,146,160,214,124,78,225,153,236,152,158,181,220,255,178,111,197,131,154,177,219,204,247,213,226,135,223,243,202,130,145,183,174,141,147,235,
255,174,200,165,211,115,207,208,100,247,175,122,207,228,247,194,171,159,142,163,193,155,156,93,187,242,138,255,197,166,235,233,255,150,255,205,255,159,168,203,174,255,176,219,255,240,246,252,165,255,188,255,113,109,175,255,128,225,220,191,136,247,175,255,143,207,219,157,255,134,149,104,184,93,159,229,139,242,175,214,255,236,202,82,116,253,219,182,180,225,172,166,183,158,255,218,155,207,242,245,173,255,217,132,227,189,255,136,239,199,200,187,222,216,157,235,199,233,179,189,
101,208,186,234,194,244,146,209,210,236,163,163,152,188,174,188,198,241,248,204,102,154,246,194,170,120,68,223,196,193,168,247,220,227,110,198,217,252,187,180,255,116,251,255,216,230,183,255,210,255,236,255,255,141,255,255,181,153,172,223,220,167,233,250,146,204,206,142,194,119,218,255,113,210,215,255,66,206,235,200,218,68,173,183,114,154,169,249,242,171,255,156,177,173,219,250,232,255,147,134,187,161,231,184,224,237,238,225,163,140,174,186,216,178,143,184,222,225,226,120,
255,255,118,255,211,143,189,150,200,106,166,125,182,180,102,231,195,154,198,229,106,177,246,163,186,174,192,84,152,178,255,218,210,229,146,151,159,255,201,235,235,169,241,223,228,125,152,188,173,166,196,255,227,203,239,222,224,255,208,226,183,194,254,229,212,238,246,247,222,216,174,189,145,247,185,133,228,172,180,118,129,244,118,179,137,255,188,142,127,199,190,101,182,178,199,242,248,193,255,186,156,203,255,190,172,193,149,158,255,158,150,222,152,159,175,185,205,255,173,173,
211,161,179,255,190,122,255,144,154,255,255,122,147,219,214,183,203,168,220,221,84,141,205,215,194,220,196,255,200,120,211,177,181,207,251,215,180,232,188,255,234,162,244,183,225,255,213,255,241,93,255,207,148,243,143,142,214,255,151,220,182,205,225,228,215,170,134,246,84,100,83,122,149,105,227,209,207,195,235,200,223,191,102,136,255,244,193,201,217,91,203,218,159,242,170,207,147,176,168,185,119,118,118,255,150,219,119,171,178,215,184,172,202,193,194,182,205,238,161,133,
239,237,104,226,209,196,204,210,254,151,177,219,180,117,200,198,255,225,225,226,184,255,162,171,202,128,202,249,134,138,145,131,255,248,145,236,255,166,227,251,255,124,255,255,182,176,210,244,134,145,206,241,191,130,227,255,203,255,156,237,224,239,182,139,234,187,245,203,234,201,176,187,166,161,193,246,225,160,199,189,189,195,226,136,168,173,182,110,203,82,204,234,152,255,121,236,178,172,255,255,177,167,200,129,223,70,245,255,126,184,250,162,182,157,243,220,134,183,248,153,
229,254,163,190,255,177,176,208,234,178,120,246,255,208,159,117,127,226,138,255,137,255,142,165,178,210,73,234,207,167,113,235,194,198,255,129,202,255,74,169,174,226,170,171,171,212,255,188,255,244,192,169,255,219,219,255,243,201,180,101,186,223,255,182,194,218,177,207,192,183,153,127,190,215,240,238,212,216,170,224,182,175,200,161,100,255,255,255,95,172,169,139,130,193,146,147,131,218,106,186,255,255,148,255,184,121,129,241,114,217,199,162,194,195,204,255,129,111,116,205,
255,117,83,179,221,179,255,167,215,212,250,171,98,217,167,197,140,169,148,168,97,169,203,120,210,255,255,231,213,171,189,158,204,157,166,255,165,192,192,255,185,218,245,234,255,204,220,255,248,255,180,219,183,183,243,245,226,186,255,176,255,191,197,190,92,179,198,255,104,255,255,211,171,173,204,255,188,199,232,189,91,255,166,205,255,165,255,252,199,255,255,188,210,244,231,172,112,209,239,95,184,213,163,142,137,255,145,211,118,255,203,204,214,214,255,181,142,196,242,211,
255,197,219,65,255,232,251,255,124,213,94,197,163,129,215,255,164,218,242,116,193,167,191,255,255,255,188,255,195,245,161,255,215,208,250,227,213,143,155,204,205,251,188,232,101,195,121,201,173,170,197,255,255,170,241,255,249,204,199,178,255,163,207,204,255,200,187,140,128,157,213,180,235,186,241,214,240,205,167,222,133,220,188,131,192,122,238,255,185,255,204,191,162,177,255,255,225,241,255,255,255,254,213,198,166,168,254,248,207,211,186,167,199,238,193,255,149,252,197,214,
165,176,249,255,226,215,211,212,192,255,236,230,191,203,210,136,218,191,175,181,214,200,228,222,229,191,99,159,255,211,255,255,202,255,198,182,205,178,236,172,251,201,255,162,255,255,191,123,225,245,255,173,255,255,252,255,255,255,246,222,177,255,225,243,239,171,183,243,223,118,140,170,123,255,164,191,206,243,128,174,184,199,202,217,199,141,229,228,255,234,225,217,150,232,162,234,132,150,146,255,153,146,192,221,140,171,217,255,164,215,231,228,214,158,105,255,187,248,213,195,
177,195,174,139,140,203,123,137,185,124,158,225,175,211,156,213,209,73,255,255,229,211,255,255,255,190,249,156,252,156,183,255,255,216,186,234,255,91,194,213,108,222,255,179,118,202,215,127,255,169,211,242,228,203,177,255,163,131,229,243,255,255,169,158,179,84,165,203,132,254,162,245,107,170,255,242,235,248,216,251,105,223,190,217,190,148,109,126,255,179,220,175,190,255,255,145,145,147,234,234,102,116,143,158,222,184,99,112,248,184,187,255,192,107,226,255,255,113,184,131,
149,180,176,182,243,175,192,124,221,198,255,180,202,182,239,255,255,236,101,193,197,155,219,145,187,255,229,207,206,225,182,220,138,241,248,233,183,202,255,143,161,218,246,249,168,217,108,177,210,178,155,187,216,237,226,147,227,255,168,255,199,122,202,255,197,192,244,254,195,133,230,217,255,158,255,235,255,232,216,246,255,255,221,141,168,181,182,191,255,193,174,255,236,236,151,168,190,197,159,112,155,199,170,197,114,140,239,205,185,108,196,193,212,175,224,169,135,171,255,141,
207,183,117,255,244,171,194,156,190,100,154,255,206,190,154,251,255,152,253,255,245,73,224,209,255,74,203,229,255,255,115,184,154,232,201,201,255,188,205,255,208,170,165,159,255,133,131,182,175,130,216,192,194,236,185,204,209,235,188,162,255,255,152,156,173,170,171,227,213,136,227,146,112,238,201,199,255,240,199,192,201,255,194,77,254,112,255,247,255,239,217,255,221,249,197,136,177,191,164,167,255,183,172,255,72,187,189,137,244,210,255,226,255,255,231,219,201,210,221,255,
168,171,227,191,211,240,154,255,198,145,140,255,166,110,181,207,176,218,255,187,255,190,244,216,234,255,225,225,245,212,222,228,171,247,255,154,222,184,235,236,168,215,255,255,140,145,253,255,189,255,255,176,132,189,157,212,189,255,245,255,189,255,166,222,255,213,224,182,255,126,255,225,235,133,178,138,142,141,224,217,229,210,238,255,143,217,255,229,255,249,240,255,174,255,145,160,211,181,176,214,227,121,214,255,154,133,255,155,138,230,137,143,209,149,190,219,241,255,217,238,
228,189,255,211,153,192,133,255,193,198,207,233,183,224,216,121,169,237,240,178,92,217,166,147,130,255,200,114,140,245,203,182,202,182,255,220,175,242,217,250,251,182,101,255,214,255,168,196,255,202,255,164,164,225,215,71,212,210,209,237,247,255,241,156,227,178,140,200,212,176,244,201,168,255,179,226,177,255,225,144,167,207,255,161,165,215,240,255,226,255,190,255,205,204,157,120,125,192,175,183,138,227,228,185,145,137,235,213,255,247,246,251,154,235,124,255,255,255,73,255,
255,187,233,234,223,246,209,198,141,171,183,206,220,255,136,255,167,152,232,205,183,147,223,239,202,223,255,214,177,238,168,255,255,255,255,255,225,240,253,180,116,224,184,179,179,200,244,189,247,173,185,205,209,151,176,233,154,166,249,227,255,174,235,254,184,211,255,206,255,176,200,182,157,120,157,237,225,209,217,255,158,255,158,154,223,255,127,186,159,171,237,211,212,211,189,235,124,209,203,255,134,179,243,240,255,154,166,181,102,218,189,255,255,255,221,177,232,159,214,235,
176,158,150,161,187,127,236,231,120,184,232,174,216,173,205,220,246,196,246,213,185,170,180,188,144,169,197,180,98,214,255,221,252,216,225,255,205,213,209,252,190,209,156,157,192,194,230,147,240,231,164,123,255,255,168,142,170,203,219,178,197,240,168,215,149,255,255,222,193,171,198,225,194,201,236,135,193,128,239,203,202,195,166,255,255,254,146,230,227,255,255,159,136,191,226,255,187,228,173,101,205,211,199,194,226,255,199,227,255,139,255,188,164,255,255,194,255,109,179,255,
249,255,192,206,210,237,213,255,185,157,251,201,251,178,230,167,234,191,162,238,218,231,222,254,255,239,255,251,151,136,255,255,255,230,222,255,189,194,165,199,209,208,255,203,202,124,165,185,206,244,255,153,164,211,241,195,199,203,161,190,255,218,251,246,234,255,121,202,211,150,154,199,255,164,170,255,201,227,142,203,193,203,215,193,255,194,197,255,152,255,209,255,224,245,202,182,204,121,206,170,189,184,206,181,176,209,242,251,239,160,193,249,144,219,201,182,75,234,214,188,
231,219,197,188,232,193,255,255,190,255,182,255,154,227,135,163,218,255,229,167,169,247,156,255,255,255,159,230,112,178,158,226,165,178,147,212,255,244,199,244,192,178,70,120,140,241,216,236,234,171,152,255,192,165,243,74,212,140,207,232,140,244,255,182,160,189,205,193,217,204,255,159,227,234,189,226,209,173,255,255,165,244,187,182,255,233,117,205,222,182,163,233,161,210,85,133,178,252,136,153,146,164,192,255,197,216,178,255,190,227,160,163,162,179,238,255,255,241,233,186,
185,173,217,255,233,243,224,153,233,198,255,186,155,236,194,154,192,89,244,233,233,131,255,118,129,243,225,231,185,113,94,215,184,211,116,224,193,194,187,255,255,232,255,133,255,255,255,255,204,147,175,215,180,206,232,184,179,255,237,177,179,207,181,255,158,255,221,255,187,255,113,255,208,255,234,193,255,220,180,155,180,204,225,245,191,142,231,246,192,212,215,255,164,145,148,195,119,162,173,179,189,186,216,117,147,240,252,147,255,255,234,172,190,178,95,155,137,217,229,137,
96,190,228,176,213,173,218,255,105,205,225,243,196,166,131,177,134,232,137,134,249,186,180,149,207,196,154,225,205,164,156,234,227,93,209,255,239,227,134,181,249,167,140,196,255,236,221,255,255,224,219,254,203,222,165,170,238,208,139,170,230,234,221,173,104,188,255,178,186,244,234,173,249,152,163,213,218,240,138,125,206,253,169,128,216,154,150,255,182,207,255,149,255,149,147,230,190,234,224,193,216,205,138,150,179,193,235,240,254,209,255,206,225,178,103,142,124,97,227,226,
255,255,247,120,169,178,255,152,246,195,192,195,188,180,207,205,209,213,207,160,254,153,189,75,179,230,234,96,202,144,197,179,212,255,226,251,242,220,191,175,255,249,151,244,154,160,168,113,224,191,255,150,77,246,255,175,240,124,110,156,232,182,196,207,255,137,125,158,209,155,136,140,255,188,249,197,247,159,200,158,131,231,255,132,237,205,236,208,255,246,244,188,229,200,177,114,218,255,221,255,255,255,155,255,221,228,250,180,166,255,230,184,153,255,103,157,250,255,152,245,
134,255,171,255,218,169,208,162,215,238,170,255,183,145,165,222,212,245,243,125,193,189,228,75,255,255,248,203,237,249,183,255,183,202,224,220,143,173,202,245,120,162,214,160,255,202,140,187,180,197,141,255,232,118,129,183,244,223,255,150,118,218,243,195,248,205,151,255,174,167,195,252,200,255,185,226,255,198,247,205,137,240,183,255,225,255,189,236,252,255,221,227,255,111,205,181,193,145,164,235,220,187,121,236,192,184,227,180,174,224,220,255,111,255,221,190,255,230,240,221,
190,244,237,188,255,121,143,88,142,175,214,153,228,170,209,186,154,97,155,175,234,75,253,172,175,204,185,255,174,120,255,217,255,255,131,255,255,185,255,209,255,143,250,198,255,237,205,240,206,238,139,224,133,198,230,137,247,214,160,168,255,171,182,169,240,188,255,124,180,151,218,248,117,255,186,255,240,173,181,170,192,208,187,129,254,235,212,135,154,205,76,255,255,157,255,153,208,149,178,254,126,125,148,211,175,205,146,127,172,113,165,255,178,133,246,143,118,255,163,95,
196,146,218,143,176,152,214,202,222,81,156,144,181,239,168,224,156,163,188,217,238,185,255,127,220,255,255,198,212,247,247,176,181,151,255,126,246,237,143,185,142,191,216,223,174,149,233,255,248,175,158,192,172,180,236,175,174,255,252,106,191,214,141,160,185,198,146,255,140,255,184,246,158,196,200,171,103,196,172,227,241,242,255,254,163,183,165,220,102,241,221,223,143,154,190,200,252,205,255,244,171,221,178,116,255,242,148,249,192,190,162,250,225,128,180,183,180,220,189,228,
239,192,212,125,174,139,140,210,189,152,149,255,136,239,237,254,183,150,202,137,127,255,255,183,215,199,204,239,194,148,178,195,147,139,227,239,192,255,252,208,219,255,255,126,180,211,187,255,106,255,195,255,249,192,178,255,173,172,144,255,204,108,189,203,199,185,173,221,201,231,170,251,240,177,195,216,191,214,225,156,163,160,199,197,255,125,195,224,250,234,154,255,198,181,205,218,216,195,221,184,199,135,248,189,171,149,231,244,150,237,186,136,170,123,201,176,255,204,150,231,
131,246,212,235,125,155,255,255,135,190,210,202,214,210,231,188,221,146,242,229,128,164,240,167,243,172,229,159,168,245,195,168,184,109,175,255,255,172,231,216,198,213,255,176,235,168,122,184,134,155,216,148,189,255,242,211,197,242,182,215,187,209,173,160,203,178,205,203,211,246,167,203,211,199,170,250,188,255,181,182,211,156,221,163,250,232,255,183,199,184,175,206,192,184,255,187,187,255,130,242,162,73,139,255,190,220,118,211,203,184,255,179,220,147,176,152,255,198,229,165,
196,170,205,112,232,173,200,217,172,140,77,231,176,183,255,176,114,126,255,197,153,219,188,178,255,129,201,255,101,194,183,213,175,153,161,192,207,131,156,249,226,181,207,89,230,185,202,255,255,255,210,221,255,255,216,173,213,132,206,187,255,255,156,255,219,204,176,206,202,135,232,151,176,201,255,124,167,225,149,239,208,115,112,154,229,255,255,255,255,183,160,255,122,77,255,140,218,249,184,181,164,232,255,114,230,166,213,134,135,134,255,252,126,194,166,255,154,187,169,139,
255,255,243,210,158,209,255,120,244,168,210,206,205,224,166,195,178,223,255,177,128,241,180,93,206,104,221,202,181,255,231,188,245,250,218,255,244,255,245,155,150,219,133,255,163,203,159,113,103,154,255,167,249,224,159,255,196,195,178,240,201,134,157,124,255,165,238,188,255,216,255,168,255,208,219,180,255,144,196,255,160,93,165,167,149,255,255,255,94,244,196,255,156,232,249,191,243,255,220,205,206,178,207,225,155,160,255,242,236,150,209,151,255,167,176,188,222,255,206,146,
190,140,83,169,181,242,138,253,173,182,211,255,87,184,225,252,160,149,186,155,233,178,92,160,250,180,207,169,220,200,141,168,255,221,205,201,166,254,205,221,198,214,192,255,194,205,153,149,186,213,167,236,215,93,188,229,174,255,97,128,135,223,196,231,207,254,120,157,195,131,199,140,128,108,138,255,192,164,255,155,239,200,170,165,224,143,143,214,255,127,255,245,121,108,255,210,184,100,198,125,213,253,245,179,237,171,136,216,180,202,255,124,255,229,255,173,170,204,212,246,
218,129,214,155,193,125,206,195,209,169,139,194,231,129,226,195,193,222,198,176,200,217,112,252,90,243,211,168,163,167,173,173,253,255,158,188,255,163,113,60,152,255,135,133,166,255,255,254,131,169,108,138,163,192,145,194,212,133,166,242,136,255,104,105,213,230,241,255,159,214,173,170,214,142,104,182,189,240,164,209,73,139,113,248,200,178,214,182,178,207,187,132,244,232,189,149,200,137,185,235,187,226,132,187,236,96,227,170,145,136,120,126,215,172,197,255,148,195,164,184,
145,10,60,98,60,72,157,95,230,192,86,95,15,209,87,48,50,154,108,96,205,162,164,146,177,43,161,155,179,133,151,100,96,227,122,128,84,92,72,119,53,177,70,146,139,71,90,94,157,97,186,198,165,64,134,126,74,134,86,170,62,84,152,48,119,155,126,138,57,32,170,81,40,67,99,115,106,52,154,212,201,136,129,158,113,71,77,80,137,65,83,209,90,121,91,53,162,76,185,83,135,158,166,128,127,130,160,142,91,183,148,184,142,78,14,169,86,85,132,212,
95,142,134,59,93,129,2,125,204,132,127,57,36,96,69,134,32,65,46,148,69,125,41,136,164,133,166,137,39,94,69,136,83,164,122,110,91,175,102,49,97,149,77,131,51,109,173,235,93,142,114,163,127,59,134,179,146,120,94,129,99,65,43,168,60,89,95,28,111,31,168,172,85,101,53,128,91,133,172,49,82,0,154,113,56,44,58,192,116,106,142,68,75,84,128,68,87,0,71,117,122,44,144,94,68,83,111,97,127,125,115,164,215,125,69,54,65,110,188,52,
151,69,167,175,93,76,121,64,20,95,56,143,34,97,157,96,96,93,126,122,87,66,80,151,135,39,30,31,98,92,151,110,2,53,73,37,157,144,63,57,56,73,60,69,48,208,158,78,151,156,47,61,98,144,129,185,58,99,142,66,99,88,57,65,98,166,148,105,24,18,63,0,48,105,97,165,90,88,106,53,0,79,72,54,184,119,130,39,167,43,101,150,122,229,94,91,92,184,164,90,112,149,55,133,68,63,114,119,48,108,31,151,34,29,95,89,35,91,185,108,
120,61,38,12,69,45,90,104,82,44,28,79,42,65,141,107,85,47,160,138,0,122,167,86,109,118,59,36,179,135,22,96,111,77,80,130,154,97,164,209,94,87,0,91,70,102,190,181,35,88,39,65,120,107,159,108,79,108,81,58,50,120,112,10,122,113,118,95,131,77,64,192,116,165,160,139,94,25,72,97,43,122,147,85,40,62,52,124,122,108,100,146,36,154,124,59,222,65,91,131,128,122,139,74,25,116,77,122,104,91,130,63,0,169,126,55,12,60,158,83,
200,6,7,78,20,157,3,187,195,91,53,30,31,41,23,167,68,142,81,54,84,67,113,115,100,86,67,17,69,120,108,79,132,137,84,108,20,86,0,46,83,163,40,96,100,161,34,0,148,70,145,163,31,126,78,0,99,136,192,111,98,166,134,111,106,88,173,126,119,89,51,88,48,64,0,123,92,26,40,26,79,92,0,126,95,0,72,19,32,88,82,116,174,1,49,79,131,30,52,192,82,72,127,85,105,35,36,104,129,102,45,80,24,68,131,146,172,105,163,81,
73,15,100,103,68,22,91,46,104,94,126,0,50,47,44,0,0,28,150,60,61,147,135,81,78,86,165,71,164,92,133,55,106,86,16,53,32,2,151,152,0,116,0,0,70,31,77,75,25,69,27,9,70,101,9,28,144,115,2,168,130,157,74,156,61,82,154,78,114,110,160,179,60,33,92,133,20,68,17,33,0,139,55,102,128,122,97,82,0,43,45,93,68,143,94,156,139,38,193,0,147,51,190,196,0,202,0,194,74,45,75,8,222,87,71,164,50,84,155,130,
73,134,141,135,41,73,78,0,144,142,112,116,52,102,19,54,0,0,114,41,119,27,145,0,93,48,21,141,77,0,105,35,76,102,45,158,60,96,50,38,11,86,101,0,77,0,65,109,55,65,39,98,65,5,36,70,27,79,71,125,79,158,18,0,0,55,0,22,32,51,37,97,53,8,110,134,48,59,68,80,0,122,0,98,52,144,22,91,79,62,101,134,39,118,121,85,82,114,74,191,108,69,189,65,119,98,37,131,101,105,188,63,108,129,96,102,96,191,102,50,
47,0,17,117,15,69,81,159,69,97,61,117,29,79,42,0,14,103,132,106,91,41,0,183,45,31,0,121,0,79,32,201,33,177,86,56,47,26,47,25,109,115,7,108,88,93,39,0,147,34,117,54,99,118,99,193,140,74,128,165,70,68,81,9,65,84,122,39,87,66,145,112,119,115,40,147,110,118,52,104,85,164,106,97,89,188,152,138,129,62,71,52,91,0,53,78,26,90,173,26,116,30,88,152,179,103,122,97,132,8,61,179,34,110,140,99,167,46,90,25,
106,115,52,45,107,59,40,63,41,67,162,47,114,65,79,107,45,83,0,43,121,118,167,113,53,70,65,17,65,79,132,63,30,27,0,104,39,53,113,20,111,154,122,107,140,79,115,134,36,27,105,109,69,113,60,115,124,114,105,7,102,120,28,14,175,89,163,125,78,0,132,102,20,93,153,94,14,0,179,79,129,139,43,166,77,71,38,140,189,154,152,33,159,0,122,155,148,18,5,119,116,153,94,35,90,28,31,102,75,44,76,20,72,131,58,3,0,103,14,39,
85,102,65,82,136,74,18,71,54,37,103,14,82,194,72,48,2,127,86,115,18,48,162,137,0,90,38,54,116,90,68,49,34,56,87,0,118,151,14,63,48,110,4,82,133,60,66,82,142,115,94,0,76,136,172,52,25,20,37,0,151,61,57,61,67,71,50,69,39,1,66,28,82,92,99,51,150,7,0,74,97,53,165,63,43,136,94,41,10,145,154,29,59,153,112,72,101,79,111,64,101,27,140,90,80,110,26,110,163,16,81,114,64,71,33,132,91,21,19,0,
149,0,32,42,104,78,0,55,90,85,0,0,126,17,155,126,155,44,39,95,34,20,82,81,0,107,27,26,53,7,0,75,50,1,79,3,13,45,0,20,22,89,113,86,0,105,46,66,8,119,32,78,144,83,15,62,23,15,19,77,0,92,0,120,5,87,70,63,13,60,75,63,0,7,18,96,16,40,7,120,125,56,27,118,144,53,82,148,91,83,0,0,100,74,117,0,140,26,73,122,53,25,46,0,100,183,47,116,10,122,46,86,0,0,200,115,38,172,0,53,
53,33,37,90,37,52,16,16,0,55,41,69,124,94,94,169,115,0,64,0,19,82,94,58,96,110,96,36,49,99,65,33,25,28,30,24,0,73,0,94,21,69,31,17,87,49,25,98,113,65,80,0,112,36,76,87,14,64,9,109,44,32,0,0,71,122,98,62,82,46,23,52,82,55,87,66,75,64,0,41,150,57,104,92,59,15,0,40,68,0,67,120,49,44,171,117,65,31,0,38,48,100,0,95,80,140,92,84,20,12,21,0,76,96,75,27,0,41,155,0,
93,132,38,12,30,22,144,119,41,136,81,27,165,0,72,75,148,101,168,55,146,33,110,109,95,40,133,37,99,32,91,96,62,14,109,20,139,61,37,80,120,68,19,62,58,66,36,86,97,34,48,57,141,34,95,0,73,98,15,114,92,22,0,4,131,150,47,79,181,37,31,20,75,164,3,40,47,129,129,25,162,10,2,78,0,100,96,8,0,66,128,44,154,61,68,76,56,140,100,92,144,86,211,67,65,45,134,84,31,52,137,8,114,65,37,151,71,164,17,59,
104,83,75,137,121,66,121,146,150,104,92,73,77,31,74,44,83,149,69,106,10,0,0,22,116,72,17,143,0,0,95,44,22,15,5,35,0,75,57,115,39,134,9,32,80,62,111,24,86,39,68,0,46,120,112,62,98,140,50,96,96,191,40,57,91,18,62,173,76,12,0,127,4,70,0,138,115,90,64,40,88,99,16,100,87,163,100,94,21,94,90,136,108,93,133,75,208,65,110,41,103,48,44,109,79,156,115,24,69,19,54,203,159,33,130,132,132,221,55,173,
68,93,147,152,78,124,121,25,66,86,34,114,0,129,44,94,102,47,126,148,125,13,19,77,53,26,29,146,24,139,97,5,44,6,107,144,58,53,32,77,138,158,0,63,66,80,46,119,68,82,47,131,109,0,104,0,111,68,135,0,118,36,62,136,98,126,30,61,79,44,142,66,45,0,86,40,52,96,33,25,98,106,0,48,87,40,23,78,72,67,137,39,39,109,83,144,187,136,52,78,77,79,44,50,70,161,83,31,115,0,115,48,110,133,13,16,148,210,78,99,
106,42,105,89,73,121,87,95,125,66,121,120,82,0,60,112,100,103,0,15,15,99,93,111,0,20,81,97,0,0,6,138,42,21,20,89,129,81,137,60,0,45,77,68,42,123,131,90,0,157,69,125,104,85,83,0,125,110,166,68,100,162,138,185,157,28,192,66,32,33,100,85,113,32,101,21,167,4,107,7,79,168,76,96,98,0,26,117,138,54,80,65,62,17,18,0,45,108,48,46,6,101,114,104,62,87,87,82,77,155,154,62,34,77,51,44,197,125,172,150,
68,113,2,41,0,64,38,88,86,48,58,65,94,87,3,111,142,75,63,18,116,150,49,40,0,139,83,52,72,25,33,5,98,52,0,0,43,121,40,58,108,13,82,146,0,6,76,55,83,20,56,98,155,39,84,78,134,0,78,82,58,136,91,185,65,25,77,132,95,106,93,124,54,23,122,136,132,113,155,244,115,62,196,202,205,119,92,198,75,13,12,0,61,139,57,122,168,82,67,41,85,47,41,0,83,74,95,183,44,99,49,137,81,154,167,150,140,233,154,74,
44,1,0,85,9,6,78,120,92,86,139,107,0,92,176,79,38,63,36,8,65,124,82,14,153,0,43,0,97,0,0,144,37,141,130,160,162,50,40,43,91,145,36,59,25,107,83,0,59,27,101,160,45,0,4,133,18,60,117,87,24,26,149,95,69,99,93,84,71,153,45,22,115,114,113,32,66,135,53,127,141,127,174,224,168,143,90,100,149,71,80,25,70,125,187,57,99,119,11,109,0,25,96,54,56,43,104,25,58,185,74,0,83,89,93,165,188,179,98,98,
0,0,189,86,98,3,49,42,89,92,46,41,122,71,82,100,42,47,64,43,66,23,4,32,138,194,84,152,119,37,8,12,93,52,115,123,106,110,103,135,0,97,116,40,26,80,94,42,111,126,125,101,85,99,38,24,80,108,107,229,76,51,122,18,115,119,79,105,194,10,32,72,0,133,51,126,156,56,69,0,92,50,145,88,62,50,71,111,7,40,91,0,26,22,106,61,0,130,101,92,0,112,50,33,0,38,143,70,130,25,229,105,27,165,125,78,86,115,52,0,
0,13,87,123,30,0,63,85,79,1,87,41,123,43,57,122,95,55,89,0,83,96,26,154,29,102,0,89,113,0,90,109,76,45,60,32,53,94,42,41,59,51,31,193,84,56,83,53,43,36,42,166,0,64,54,131,180,139,83,170,27,73,127,158,60,67,36,88,53,78,88,96,8,0,59,137,55,116,135,0,101,85,0,51,96,62,112,107,89,113,71,129,127,101,54,54,113,36,71,0,75,37,52,149,35,46,119,61,49,62,180,115,191,94,111,25,0,184,70,104,
0,45,89,0,56,91,178,80,209,22,37,76,108,171,134,116,116,95,91,91,19,132,115,0,58,44,78,0,79,84,47,148,123,120,49,120,5,146,69,139,73,112,79,151,60,102,114,102,137,96,118,129,4,81,103,151,76,86,178,81,166,60,96,25,181,79,97,85,210,0,0,0,29,26,74,174,116,32,46,90,106,85,0,131,109,60,90,142,43,39,0,165,0,0,20,40,102,66,2,108,75,130,61,0,64,15,35,35,53,74,24,25,94,73,31,65,26,139,0,32,
133,9,69,22,0,127,38,199,215,106,53,77,194,163,91,164,76,92,105,122,80,95,149,69,127,61,107,0,0,57,116,121,86,95,102,85,47,46,100,57,82,194,104,66,92,107,20,90,13,145,31,88,56,156,90,130,102,101,60,110,136,160,62,59,107,143,50,13,122,174,96,55,30,127,186,50,159,136,112,118,70,77,110,45,61,53,106,108,159,21,0,43,96,129,0,43,91,206,56,109,31,112,58,11,8,0,169,23,29,115,104,87,129,139,8,13,70,44,185,105,
56,40,85,77,112,174,98,86,7,131,152,57,100,0,72,196,70,0,48,106,105,140,202,76,118,143,209,58,177,138,78,171,130,195,82,111,95,139,100,163,0,63,29,160,45,123,22,83,127,60,23,104,119,199,134,110,158,66,145,185,117,79,162,60,68,71,126,4,97,88,50,90,131,111,90,33,115,122,88,0,41,59,0,81,114,185,84,130,96,41,61,64,134,174,0,38,92,107,29,43,60,89,0,29,0,179,138,62,74,169,72,120,168,0,84,99,114,83,85,80,
202,57,107,0,16,79,175,149,120,167,67,87,81,154,30,101,81,0,135,52,125,113,158,117,170,126,56,154,23,0,147,173,115,127,72,108,67,137,214,139,85,76,31,81,107,173,165,77,21,38,129,88,99,27,121,33,92,91,100,63,137,143,140,45,62,101,88,74,93,142,0,70,67,165,48,15,109,107,137,141,78,58,120,195,77,78,70,95,17,181,104,125,184,28,25,145,159,105,166,133,24,90,0,73,40,175,116,62,164,87,79,61,115,34,125,4,106,56,35,0,
148,172,30,204,107,78,68,9,124,134,75,77,105,78,71,123,143,139,66,105,113,145,115,93,52,176,31,147,116,32,125,123,147,117,83,95,170,145,97,133,171,112,86,122,72,170,23,65,4,112,151,87,153,106,70,130,86,182,130,63,147,69,208,117,116,115,106,55,73,59,45,27,33,99,85,106,139,121,22,124,61,154,88,116,47,24,129,63,103,0,75,150,135,51,104,97,75,165,73,165,151,22,121,125,89,107,90,89,149,62,153,157,216,64,0,0,0,126,89,26,
196,2,78,132,181,0,76,78,40,0,113,59,102,167,52,127,43,109,60,115,96,79,107,82,90,55,44,116,139,123,73,118,132,124,119,126,143,84,158,150,46,123,118,57,93,119,73,70,142,81,152,75,128,189,148,158,122,32,90,76,130,25,132,130,99,175,171,169,59,79,49,64,63,32,84,78,0,67,162,91,41,93,127,135,194,63,86,101,185,171,174,84,111,138,81,103,118,107,84,204,136,12,119,8,58,102,154,24,125,68,71,150,99,173,2,110,108,84,114,61,
0,44,65,39,93,49,85,19,57,103,0,107,52,118,84,100,118,20,126,38,133,50,147,81,138,156,78,87,27,94,145,160,175,75,162,117,119,110,55,115,104,132,132,220,144,111,202,125,163,84,126,92,87,100,140,198,103,179,122,190,245,99,193,26,162,113,55,7,167,149,70,189,148,48,61,83,41,182,104,93,195,111,51,94,159,34,8,216,84,92,130,143,47,66,112,136,133,113,47,138,142,96,61,16,121,178,81,64,112,80,109,138,124,109,68,90,157,112,150,154,
108,40,99,68,30,0,35,93,97,232,127,78,32,15,78,152,77,83,132,0,167,131,130,0,90,175,46,70,48,119,68,56,93,18,125,94,128,17,136,97,60,143,64,111,255,194,172,209,173,114,124,210,52,205,166,80,142,123,223,3,151,163,86,146,97,72,163,135,184,140,95,139,134,79,102,101,17,0,125,116,128,133,133,65,110,89,80,46,109,119,104,137,159,98,57,83,140,71,85,139,143,105,26,75,115,118,84,163,96,151,230,100,123,135,61,67,145,11,122,0,
138,113,1,93,108,65,0,0,135,16,50,108,0,93,54,104,4,69,82,84,107,97,147,89,0,45,203,60,111,120,137,186,129,80,121,96,83,113,45,22,174,140,216,121,155,75,74,96,204,165,147,164,155,174,63,58,67,81,130,95,170,48,175,153,137,55,4,93,162,167,58,43,52,37,130,184,105,159,167,8,0,65,79,70,84,153,126,115,151,64,20,107,72,89,103,178,79,125,136,46,86,192,40,117,97,85,33,103,105,0,43,202,77,102,83,63,58,92,110,46,
77,113,145,131,85,62,59,81,129,35,18,50,76,117,65,45,76,0,134,227,148,80,57,84,169,188,121,69,178,107,35,20,173,119,114,44,148,80,138,201,207,153,183,129,193,144,69,138,51,148,111,172,185,91,122,145,156,133,155,134,162,131,150,207,114,166,135,77,168,182,158,119,211,66,165,104,121,103,147,111,91,104,210,143,28,54,61,96,101,134,83,99,139,144,60,26,58,93,179,72,73,131,88,75,66,115,112,105,67,118,130,81,105,158,100,65,122,102,169,118,
134,85,32,59,76,84,104,68,140,88,10,117,65,30,125,210,115,62,51,47,128,73,178,128,45,59,122,88,98,92,82,89,110,92,68,131,126,182,128,113,61,112,150,188,162,85,114,127,149,154,105,142,132,79,135,153,165,124,137,122,130,118,105,215,28,93,45,140,216,47,143,173,146,154,123,218,178,89,56,4,128,119,81,132,147,81,102,157,181,98,153,63,90,38,42,86,118,71,96,83,71,39,60,90,0,62,150,79,99,139,94,125,129,135,102,135,0,148,33,112,
81,158,110,123,158,0,163,155,107,5,80,97,32,93,44,107,158,112,110,132,121,102,88,62,8,136,149,158,0,93,109,164,100,73,81,208,201,166,114,131,89,24,23,157,125,121,63,124,89,2,141,121,132,106,93,155,81,202,247,128,255,124,119,242,79,77,160,169,97,146,112,157,181,57,73,155,165,137,132,172,93,18,107,237,225,119,101,0,130,103,52,173,86,139,126,142,109,174,56,163,93,79,25,41,62,98,120,92,59,27,49,49,198,230,26,135,0,54,14,76,
77,93,131,97,103,77,97,72,140,0,65,141,178,132,111,99,127,125,59,180,123,62,147,93,207,54,165,118,143,1,43,157,178,172,131,164,0,142,101,153,132,124,139,148,173,18,111,55,39,90,113,144,123,130,48,159,140,31,186,160,179,42,91,127,154,144,98,139,171,85,227,185,183,84,108,179,174,175,116,114,76,87,250,127,64,56,109,168,69,73,84,117,63,127,87,114,21,148,114,50,83,78,0,90,87,73,116,46,101,91,115,124,146,172,0,96,93,169,69,118,
24,62,43,118,143,30,22,114,52,110,125,40,105,43,127,82,123,67,60,61,61,26,117,56,93,35,194,161,141,122,160,192,66,112,77,125,67,187,141,61,70,112,130,100,163,165,162,184,156,113,190,199,10,129,170,93,190,156,141,82,107,142,100,140,147,224,153,2,70,218,196,131,144,39,132,62,85,231,19,191,66,81,90,83,110,140,230,140,184,114,37,83,90,66,101,63,114,5,22,63,109,81,67,62,43,123,52,104,83,157,76,108,120,47,141,21,84,102,41,87,
104,15,37,114,135,15,103,16,38,86,19,0,99,137,134,70,167,62,66,13,145,100,174,66,149,104,175,86,74,138,141,122,137,86,125,123,118,117,160,85,207,119,123,70,105,93,152,235,125,106,102,88,37,48,111,151,76,96,130,112,70,141,50,151,42,91,68,101,6,98,85,86,124,109,134,86,105,140,60,194,55,85,109,94,109,147,79,117,172,101,149,67,172,63,0,117,85,90,63,39,119,181,61,157,175,178,94,87,87,145,66,61,90,36,41,29,125,60,170,145,
129,115,45,205,124,42,53,123,12,170,40,101,72,83,18,195,63,31,112,49,95,48,35,186,129,86,89,117,81,103,23,57,151,116,141,112,119,130,119,135,175,86,157,124,153,111,122,164,169,111,149,149,185,110,211,27,72,99,169,158,178,128,14,83,42,120,119,177,203,75,134,59,174,121,29,108,191,198,142,192,106,111,39,95,138,119,31,161,118,64,41,192,141,55,197,130,65,94,19,102,133,0,62,107,92,103,110,20,154,0,52,106,88,109,66,134,79,54,85,0,
0,176,114,6,60,70,80,63,29,143,153,58,33,101,31,121,83,0,0,151,123,224,143,116,103,202,153,72,115,85,84,93,232,103,46,135,74,95,0,136,90,138,106,131,202,58,142,83,75,90,111,114,169,170,116,191,150,111,228,255,221,129,54,99,37,162,63,158,133,8,149,210,177,55,111,109,86,173,125,70,61,182,0,114,49,148,136,96,146,52,119,203,59,40,132,70,113,154,140,35,67,83,8,37,97,24,174,76,95,82,91,116,56,96,196,51,73,203,77,82,
98,79,42,62,114,50,108,0,88,56,61,8,92,0,144,48,44,81,145,75,197,65,100,110,182,99,131,200,150,104,92,153,119,121,75,115,69,117,87,71,76,101,194,107,127,92,171,113,135,131,180,52,186,171,106,78,113,122,175,220,196,111,88,110,90,232,0,126,54,143,91,133,68,191,110,145,167,149,150,154,109,51,79,58,199,145,132,139,152,0,136,82,58,99,140,109,147,71,218,123,121,115,130,54,35,31,188,152,0,106,127,70,63,84,110,36,7,186,50,111,
86,202,88,23,62,19,142,100,92,86,34,68,124,107,208,208,111,158,63,74,242,152,165,116,111,58,143,226,61,163,91,0,118,141,99,132,126,115,45,161,174,139,35,98,57,121,84,0,135,72,169,144,163,118,94,78,81,189,89,52,133,152,217,138,182,63,176,121,211,156,150,140,238,162,102,137,103,189,162,151,61,109,132,130,89,214,111,121,165,174,132,52,120,137,157,100,112,65,114,193,88,77,245,76,97,125,211,74,120,127,167,27,118,178,71,130,62,118,44,116,
73,73,40,60,87,109,75,8,37,62,51,208,80,43,72,154,72,57,208,216,107,101,71,86,128,28,165,169,95,118,78,135,62,120,148,124,155,98,121,178,124,109,73,136,98,51,62,82,113,83,119,113,148,157,143,48,59,85,85,143,53,99,120,127,57,73,81,90,137,16,113,174,167,158,189,107,85,122,159,107,151,89,107,97,148,27,33,124,54,78,155,112,120,162,147,121,28,143,157,131,118,105,122,129,114,185,81,15,35,113,63,170,36,161,59,12,102,0,30,155,
101,69,102,66,40,69,53,92,62,120,111,104,135,137,151,118,127,199,103,76,48,130,133,63,144,201,64,84,89,95,146,235,149,167,20,137,112,135,101,159,162,104,21,117,118,65,108,114,129,56,62,171,171,130,105,85,166,207,172,138,189,129,87,64,124,86,109,132,173,163,49,116,86,80,108,147,116,117,31,98,101,174,110,199,87,146,60,60,109,90,157,89,82,105,149,87,125,131,188,145,58,168,107,110,186,18,149,180,255,62,123,127,44,0,68,69,173,132,0,33,
38,50,30,67,141,81,255,165,130,129,82,85,135,231,74,134,52,103,199,73,85,231,168,101,131,72,111,138,84,116,157,73,132,94,140,213,135,144,132,111,73,53,154,80,77,134,108,148,138,18,103,42,159,87,101,136,34,168,110,97,186,40,190,0,122,131,56,56,82,81,147,155,125,143,120,15,85,94,160,158,125,134,79,131,125,167,177,150,113,93,196,148,64,59,83,86,0,89,40,103,66,85,180,123,147,161,112,63,67,99,185,150,96,137,66,75,93,123,64,96,
84,158,40,183,132,142,153,127,120,147,82,130,41,51,182,138,234,103,163,133,79,108,41,123,101,142,43,108,181,46,111,82,122,193,104,61,93,184,84,150,51,106,117,66,115,185,161,81,135,71,157,52,92,78,119,182,129,174,168,174,107,50,127,83,41,92,121,81,77,108,109,160,146,130,94,214,120,119,87,107,102,125,98,85,179,75,134,140,139,78,81,102,127,86,0,115,0,104,134,50,84,173,143,31,98,63,205,140,137,98,160,154,155,170,156,150,149,141,137,47,
136,79,116,155,190,153,230,56,173,58,95,157,97,169,147,117,95,182,64,90,55,124,171,132,173,75,103,168,177,93,111,166,63,201,101,152,198,164,116,102,190,144,202,146,159,118,150,39,0,107,0,142,88,112,97,115,96,205,246,165,122,222,109,109,75,195,46,81,137,161,124,121,169,73,77,125,101,101,128,131,81,0,96,146,182,67,138,147,74,145,37,141,111,46,89,159,161,143,57,173,104,133,150,151,182,144,195,53,118,137,200,152,143,156,95,198,180,220,124,65,
159,94,90,140,90,134,251,158,187,108,52,135,111,193,67,164,136,68,144,28,161,130,139,159,135,87,59,162,36,93,132,138,129,77,38,178,56,128,190,169,126,119,199,144,48,131,110,209,189,202,162,8,116,137,133,94,150,113,167,207,255,192,216,149,153,140,64,169,140,181,166,76,74,184,126,106,175,125,145,156,77,125,164,135,126,155,77,66,156,122,91,152,196,171,135,152,179,140,145,90,22,172,61,138,122,125,234,121,146,54,148,89,22,122,228,113,43,114,74,186,
148,84,169,184,103,144,189,73,111,139,229,53,237,212,94,118,79,100,112,30,141,165,0,145,184,100,152,163,79,126,90,149,121,173,140,137,193,102,240,190,87,120,167,66,170,145,63,139,146,209,101,178,195,151,69,153,149,190,206,255,212,182,131,144,120,167,102,150,100,177,138,94,118,127,25,120,194,74,40,25,135,198,84,118,191,104,105,49,141,125,141,143,84,134,250,91,153,78,95,36,155,83,192,117,118,11,103,160,122,55,136,71,134,111,118,51,142,115,48,98,
63,38,109,87,217,162,100,230,103,153,158,224,95,191,100,11,119,131,115,229,74,118,91,163,53,145,164,188,135,198,100,33,103,176,186,100,95,205,57,165,176,128,126,70,73,53,162,222,231,86,144,147,83,167,96,175,91,191,190,213,201,151,152,56,105,214,198,112,150,71,88,75,154,136,185,78,102,112,95,102,130,158,54,128,164,153,180,149,76,128,72,121,160,188,183,142,187,130,131,121,218,170,36,58,162,11,171,88,43,92,139,143,112,114,146,183,161,166,122,113,
110,100,128,155,91,140,69,183,75,170,94,142,95,55,121,143,161,142,112,102,145,74,163,144,150,146,197,133,88,207,34,112,227,66,183,199,75,234,175,84,81,178,149,249,58,123,88,87,200,140,40,182,181,99,204,214,129,192,217,180,219,251,81,151,150,144,114,153,117,84,103,150,92,165,93,178,132,162,122,111,99,151,136,184,67,85,76,84,161,158,147,142,125,50,118,62,92,111,101,129,161,150,122,45,60,171,155,89,107,107,103,47,88,95,37,0,113,82,105,147,
106,97,128,82,69,128,43,164,89,56,119,81,105,88,133,84,114,112,117,82,125,128,153,132,116,194,147,145,142,136,225,58,125,136,129,100,115,160,196,185,153,143,144,194,137,100,231,127,191,224,164,121,105,125,144,207,142,255,246,132,196,124,202,80,204,54,177,208,99,69,206,114,201,81,169,69,164,144,169,138,73,123,114,126,97,141,38,152,118,160,157,92,46,45,225,181,167,102,172,113,40,46,253,192,130,131,155,102,82,130,81,136,172,96,88,217,148,55,179,127,
119,107,146,144,97,249,140,99,137,92,46,113,160,49,189,213,142,183,99,15,109,98,121,170,83,126,175,181,42,56,22,152,91,135,111,162,168,164,121,100,130,125,86,68,135,106,155,3,80,117,199,184,212,135,182,148,191,120,201,206,150,150,139,152,104,172,111,179,94,169,198,127,100,55,60,79,112,177,97,88,45,113,98,101,116,131,127,115,98,114,113,107,98,123,155,163,75,91,156,110,218,91,160,189,80,131,100,215,191,81,84,81,80,115,150,110,106,166,118,139,
160,120,54,245,77,40,105,223,139,152,128,90,132,103,78,96,90,100,84,173,187,98,131,173,165,57,99,158,122,111,112,148,215,153,66,142,185,62,130,88,195,111,128,24,26,181,202,90,227,128,174,54,151,49,92,44,177,181,110,217,255,232,165,62,131,97,159,238,203,190,107,91,111,151,108,203,139,133,108,138,165,152,90,175,24,145,16,70,154,134,92,107,209,141,163,160,82,53,176,101,161,169,54,118,146,175,108,76,46,38,114,206,151,175,143,235,201,158,133,127,
187,144,114,54,138,34,84,165,57,82,44,168,33,93,76,133,4,147,204,196,81,159,185,132,100,170,110,72,150,102,171,138,52,113,168,189,155,108,108,122,155,110,143,107,170,207,112,155,104,135,82,179,106,151,127,210,147,181,180,130,214,171,134,144,101,179,125,53,81,140,187,119,79,180,209,98,207,138,96,174,38,42,109,207,61,133,184,193,127,119,144,76,45,143,168,39,90,167,111,140,174,68,114,74,186,136,170,98,123,187,20,140,158,227,236,138,56,115,130,53,
93,120,181,156,61,156,81,94,126,60,162,117,102,137,5,139,165,97,159,133,181,125,156,140,123,154,63,180,186,151,75,121,123,149,240,143,104,167,126,130,102,44,68,184,95,151,160,180,154,184,211,255,118,126,109,109,245,229,215,255,255,230,206,210,196,164,98,177,176,122,87,97,183,135,109,92,159,144,119,95,100,176,127,160,85,118,147,148,0,12,81,125,194,139,82,222,112,119,166,110,155,46,86,152,141,17,170,229,214,234,116,128,89,107,113,105,185,60,184,190,
82,77,109,167,241,208,10,123,195,77,177,146,79,171,198,146,125,247,116,54,79,86,157,82,84,145,110,122,92,116,173,79,188,132,191,127,133,102,111,196,171,189,148,124,216,152,153,129,168,183,167,130,140,136,115,187,111,152,198,112,217,87,113,71,113,75,202,123,144,56,133,97,84,108,26,200,99,126,147,70,180,122,164,120,67,85,180,83,101,145,81,97,127,172,62,147,125,112,185,185,135,161,142,124,97,184,125,4,88,99,150,203,144,135,211,155,155,188,173,119,
156,29,185,214,74,145,114,85,119,98,186,113,81,214,216,177,107,99,133,166,124,139,183,133,23,161,184,169,181,143,224,178,62,62,149,130,142,118,115,145,126,194,33,112,143,162,230,97,149,161,213,98,91,186,92,178,93,117,98,70,192,144,121,99,230,136,108,155,87,179,163,191,86,118,182,97,90,181,148,109,147,78,140,254,50,153,73,90,195,116,170,236,79,76,144,102,179,177,39,197,97,191,147,63,67,31,124,165,22,71,176,173,95,134,53,71,100,93,179,97,
153,76,77,71,185,113,160,100,8,176,191,165,140,163,137,212,106,106,80,151,88,117,90,114,109,110,53,146,130,95,178,148,129,141,247,232,65,216,146,66,112,76,197,128,69,158,115,84,106,140,201,163,125,169,178,103,136,160,234,127,80,202,143,149,151,36,110,103,70,114,121,149,255,149,118,151,99,114,80,23,57,153,186,204,159,129,152,153,167,100,173,142,96,61,91,110,128,57,4,72,129,98,122,235,165,188,209,159,80,78,146,198,105,172,255,172,75,198,92,169,
72,115,127,126,67,127,63,158,133,151,90,118,117,241,124,99,193,87,157,207,125,215,169,176,58,81,222,119,43,94,73,105,86,56,43,58,121,143,172,245,88,115,248,140,109,91,181,147,98,129,204,192,121,101,135,120,117,125,207,202,118,137,95,131,162,75,103,68,187,41,136,211,159,133,166,78,176,76,50,96,77,170,88,121,140,155,35,201,0,170,96,96,191,141,198,143,164,190,122,137,167,164,165,184,169,207,153,103,218,166,65,102,70,188,130,71,57,204,239,198,
157,125,119,160,245,115,146,60,165,130,79,203,255,156,195,167,116,157,225,81,139,79,173,121,187,124,191,121,143,132,165,134,210,167,41,110,109,125,112,88,64,191,99,154,79,109,116,166,140,46,69,177,115,159,113,41,106,80,60,161,116,233,29,193,141,157,167,92,120,145,94,172,152,176,127,124,126,192,142,187,60,69,0,169,155,117,21,132,104,176,131,169,182,126,158,152,135,166,204,209,65,217,171,101,104,130,165,135,198,76,158,124,174,73,103,181,219,166,106,114,
19,185,192,168,112,138,145,197,34,188,150,112,70,162,115,96,136,121,228,213,42,152,159,68,94,217,215,180,152,207,104,44,78,192,183,129,160,119,65,128,114,151,231,93,161,142,94,145,199,98,143,74,175,55,109,138,178,155,21,135,128,126,113,213,197,69,115,116,133,149,178,58,66,164,145,206,134,214,62,59,99,123,119,98,123,63,68,131,118,77,186,217,133,163,109,135,125,124,218,98,158,93,169,116,74,80,110,100,131,96,180,179,138,79,152,81,120,178,91,154,
59,15,56,124,151,91,99,85,189,135,164,125,193,117,107,189,163,158,92,194,154,155,92,219,128,177,235,92,214,56,85,117,103,104,157,102,74,215,93,161,96,122,125,117,131,117,188,145,132,121,141,194,119,193,210,125,108,97,88,101,117,128,100,81,160,255,78,131,151,96,147,204,186,181,155,178,120,153,24,63,13,181,93,133,72,250,110,94,123,195,91,122,144,132,126,93,197,144,21,155,25,148,117,141,126,201,36,139,95,162,29,139,29,151,132,131,142,157,136,188,
104,116,76,161,121,157,115,78,131,19,91,115,104,115,138,122,145,64,90,102,150,112,153,136,240,50,137,33,140,169,147,168,88,141,39,72,73,117,62,139,189,65,156,130,174,187,82,172,89,184,174,152,114,148,136,121,205,169,156,197,7,152,119,153,96,152,214,104,167,81,143,98,189,139,177,108,142,69,114,128,161,110,84,110,84,66,207,132,74,122,134,169,187,142,224,161,99,83,115,150,128,214,152,159,163,59,82,200,82,183,100,189,45,73,96,88,182,218,76,96,
129,199,153,86,173,102,54,179,129,157,147,44,60,176,157,158,248,92,34,161,115,101,60,107,175,102,66,106,136,216,128,158,156,205,191,131,70,82,121,135,129,47,66,113,74,68,70,218,199,137,160,99,105,138,73,169,193,174,113,205,217,178,84,48,83,165,75,131,169,136,69,80,162,107,174,138,154,152,237,161,42,33,23,158,106,100,168,81,160,203,210,84,124,132,90,209,129,106,138,148,104,103,176,157,198,125,102,183,108,101,225,135,224,152,118,109,135,167,132,188,
